<?xml version='1.0' encoding='utf-8' standalone='yes' ?>
<map>
    <boolean name="enable_inapp_notificaiton" value="true" />
    <string name="notificationChannelId"></string>
    <string name="language">en</string>
    <string name="active_user_data">{}</string>
    <int name="notificationIcon" value="2131231043" />
    <long name="last_helpcenter_cache_eviction_time" value="1719986122865" />
    <int name="notificationLargeIcon" value="0" />
    <string name="failed_analytics_events">[]</string>
    <string name="active_user">{&quot;userAuthToken&quot;:&quot;\/hODVLWwazcWGD\/oUuEpmOk+YfNY48K1zFcfsCs1hdE=&quot;,&quot;userEmail&quot;:&quot;&quot;,&quot;userName&quot;:&quot;level 10&quot;,&quot;userId&quot;:&quot;13-25732686&quot;}</string>
    <int name="screenOrientation" value="-1" />
    <long name="last_unread_count_api_access" value="1719986122937" />
    <string name="domain">supercell</string>
    <string name="host">helpshift.com</string>
    <string name="platform_id">supercell_platform_20140724073743924-aec8ddfc8a4b58d</string>
    <int name="notificationSoundId" value="0" />
    <string name="anon_user_id_map">{&quot;userId&quot;:&quot;hsft_anon_1719986122873-18295ea0f963478&quot;}</string>
</map>
