<?xml version='1.0' encoding='utf-8' standalone='yes' ?>
<map>
    <long name="prev_session_dur" value="3" />
    <boolean name="ddl_sent" value="true" />
    <long name="af_rc_max_age" value="86400" />
    <int name="versionCode" value="1896" />
    <string name="af_remote_config">eyJmZWF0dXJlcyI6e30sInZlciI6ImRlZmF1bHQudjEuMTYzNzE0OTUyOSJ9</string>
    <string name="savedProperties">{&quot;uid&quot;:&quot;1719986122706-5609787176366297920&quot;,&quot;waitForCustomerId&quot;:&quot;false&quot;,&quot;deviceTrackingDisabled&quot;:&quot;true&quot;,&quot;appid&quot;:&quot;506627515&quot;,&quot;AppUserId&quot;:&quot;LogicLong(13,25732686)&quot;}</string>
    <string name="AF_INSTALLATION">1719986122706-5609787176366297920</string>
    <int name="appsFlyerCount" value="1" />
    <long name="AppsFlyerTimePassedSincePrevLaunch" value="1719986122755" />
    <boolean name="newGPReferrerSent" value="true" />
    <long name="af_rc_timestamp" value="1719986122966" />
    <string name="first_launch">{&quot;net&quot;:717,&quot;from_fg&quot;:500,&quot;start_with&quot;:&quot;activity&quot;,&quot;init_to_fg&quot;:11}</string>
    <string name="appsFlyerFirstInstall">2024-07-03_135522+0800</string>
</map>
