<?xml version='1.0' encoding='utf-8' standalone='yes' ?>
<map>
    <set name="android-installer/com.android.packageinstaller fire-fcm/23.4.1 fire-core-ktx/20.4.3 fire-analytics/21.6.2 device-brand/samsung fire-android/29 fire-core/20.4.3 device-name/cutefish_k6_base device-model/cutefish_k6 fire-installations/17.2.0 kotlin/1.9.20 android-platform/ android-min-sdk/21 fire-transport/18.1.7 android-target-sdk/33">
        <string>2024-07-03</string>
    </set>
    <long name="fire-count" value="1" />
    <string name="last-used-date">2024-07-03</string>
    <long name="fire-global" value="1719986122605" />
</map>
