<?xml version='1.0' encoding='utf-8' standalone='yes' ?>
<map>
    <int name="storage_version" value="6" />
    <string name="actual_tcf"></string>
    <string name="location">{&quot;data&quot;:{&quot;clientLocation&quot;:{&quot;countryCode&quot;:&quot;SG&quot;,&quot;regionCode&quot;:&quot;&quot;}}}</string>
    <string name="consents_buffer">{&quot;entries&quot;:[]}</string>
    <string name="session_buffer">[]</string>
    <string name="settings-i8AQ_5SmBoVsIe">{&quot;controllerId&quot;:&quot;21b99b5923a201ae7de921a0bed6feb405c4f70eb0f2df0a2b8136d17287b404&quot;,&quot;id&quot;:&quot;i8AQ_5SmBoVsIe&quot;,&quot;language&quot;:&quot;en&quot;,&quot;services&quot;:[{&quot;history&quot;:[{&quot;action&quot;:&quot;INITIAL_PAGE_LOAD&quot;,&quot;status&quot;:false,&quot;type&quot;:&quot;IMPLICIT&quot;,&quot;language&quot;:&quot;en&quot;,&quot;timestampInMillis&quot;:1719986118000}],&quot;id&quot;:&quot;weoN4Lb_MjWLuu&quot;,&quot;processorId&quot;:&quot;a574c8095a8bee4d43a80fbe5edf62e698d7b7fcc704fa3457724c3422661596&quot;,&quot;status&quot;:false},{&quot;history&quot;:[{&quot;action&quot;:&quot;INITIAL_PAGE_LOAD&quot;,&quot;status&quot;:false,&quot;type&quot;:&quot;IMPLICIT&quot;,&quot;language&quot;:&quot;en&quot;,&quot;timestampInMillis&quot;:1719986118000}],&quot;id&quot;:&quot;fHczTMzX8&quot;,&quot;processorId&quot;:&quot;60dc4da54281009c5469de563ba858010fd50bca180b3be8d16d1d8ef277a79a&quot;,&quot;status&quot;:false},{&quot;history&quot;:[{&quot;action&quot;:&quot;INITIAL_PAGE_LOAD&quot;,&quot;status&quot;:true,&quot;type&quot;:&quot;IMPLICIT&quot;,&quot;language&quot;:&quot;en&quot;,&quot;timestampInMillis&quot;:1719986118000}],&quot;id&quot;:&quot;Gx9iMF__f&quot;,&quot;processorId&quot;:&quot;b4417b938e7ec31594175cc3d3f5ca5d6059960d5125288a426316c025494974&quot;,&quot;status&quot;:true},{&quot;history&quot;:[{&quot;action&quot;:&quot;INITIAL_PAGE_LOAD&quot;,&quot;status&quot;:false,&quot;type&quot;:&quot;IMPLICIT&quot;,&quot;language&quot;:&quot;en&quot;,&quot;timestampInMillis&quot;:1719986118000}],&quot;id&quot;:&quot;ax0Nljnj2szF_r&quot;,&quot;processorId&quot;:&quot;32986f730cbe58be34053b3d2bf5877c1009b36475e5c462056fbab77c527dfd&quot;,&quot;status&quot;:false},{&quot;history&quot;:[{&quot;action&quot;:&quot;INITIAL_PAGE_LOAD&quot;,&quot;status&quot;:false,&quot;type&quot;:&quot;IMPLICIT&quot;,&quot;language&quot;:&quot;en&quot;,&quot;timestampInMillis&quot;:1719986118000}],&quot;id&quot;:&quot;42vRvlulK96R-F&quot;,&quot;processorId&quot;:&quot;61d40a160edbcccdba8ed05e847a0c09d57c661677b491a07d5d8c9784f01777&quot;,&quot;status&quot;:false},{&quot;history&quot;:[{&quot;action&quot;:&quot;INITIAL_PAGE_LOAD&quot;,&quot;status&quot;:false,&quot;type&quot;:&quot;IMPLICIT&quot;,&quot;language&quot;:&quot;en&quot;,&quot;timestampInMillis&quot;:1719986118000}],&quot;id&quot;:&quot;H17alcVo_iZ7&quot;,&quot;processorId&quot;:&quot;64a3477008012168c022145dec93727f069746ef2ef9fe288d212cefcdd31483&quot;,&quot;status&quot;:false},{&quot;history&quot;:[{&quot;action&quot;:&quot;INITIAL_PAGE_LOAD&quot;,&quot;status&quot;:false,&quot;type&quot;:&quot;IMPLICIT&quot;,&quot;language&quot;:&quot;en&quot;,&quot;timestampInMillis&quot;:1719986118000}],&quot;id&quot;:&quot;S1_9Vsuj-Q&quot;,&quot;processorId&quot;:&quot;e2cb38fc89c0908497e0e64ab44d617fd27404c969ff3c167b0326b74f395055&quot;,&quot;status&quot;:false},{&quot;history&quot;:[{&quot;action&quot;:&quot;INITIAL_PAGE_LOAD&quot;,&quot;status&quot;:false,&quot;type&quot;:&quot;IMPLICIT&quot;,&quot;language&quot;:&quot;en&quot;,&quot;timestampInMillis&quot;:1719986118000}],&quot;id&quot;:&quot;HkocEodjb7&quot;,&quot;processorId&quot;:&quot;c0745cad26bb780a52d6dd2a7b0c340e98f440094375fea2e791e4ab55ddc6f1&quot;,&quot;status&quot;:false},{&quot;history&quot;:[{&quot;action&quot;:&quot;INITIAL_PAGE_LOAD&quot;,&quot;status&quot;:false,&quot;type&quot;:&quot;IMPLICIT&quot;,&quot;language&quot;:&quot;en&quot;,&quot;timestampInMillis&quot;:1719986118000}],&quot;id&quot;:&quot;87JYasXPF&quot;,&quot;processorId&quot;:&quot;5b69108fb04db1613444462b33e84cc0e29f3b9ea53b4254f4f4db177d0beec5&quot;,&quot;status&quot;:false},{&quot;history&quot;:[{&quot;action&quot;:&quot;INITIAL_PAGE_LOAD&quot;,&quot;status&quot;:true,&quot;type&quot;:&quot;IMPLICIT&quot;,&quot;language&quot;:&quot;en&quot;,&quot;timestampInMillis&quot;:1719986118000}],&quot;id&quot;:&quot;XJGT8f-58&quot;,&quot;processorId&quot;:&quot;f3dcb65bd255a4672094765c0b763852a98b57c9adbe923f409814e28048a142&quot;,&quot;status&quot;:true},{&quot;history&quot;:[{&quot;action&quot;:&quot;INITIAL_PAGE_LOAD&quot;,&quot;status&quot;:true,&quot;type&quot;:&quot;IMPLICIT&quot;,&quot;language&quot;:&quot;en&quot;,&quot;timestampInMillis&quot;:1719986118000}],&quot;id&quot;:&quot;DFT9QDJE_BFA3n&quot;,&quot;processorId&quot;:&quot;f6f99fdc3eb058ab1c2b6c868e9b7f84ec1a2459c54d956e6fe678bb6e90c60f&quot;,&quot;status&quot;:true},{&quot;history&quot;:[{&quot;action&quot;:&quot;INITIAL_PAGE_LOAD&quot;,&quot;status&quot;:false,&quot;type&quot;:&quot;IMPLICIT&quot;,&quot;language&quot;:&quot;en&quot;,&quot;timestampInMillis&quot;:1719986118000}],&quot;id&quot;:&quot;V7Aw0ubTPes8vT&quot;,&quot;processorId&quot;:&quot;c54675faf12bf9b1006bda9c277c96d9218c91448029df8be9935e071a5d15ef&quot;,&quot;status&quot;:false},{&quot;history&quot;:[{&quot;action&quot;:&quot;INITIAL_PAGE_LOAD&quot;,&quot;status&quot;:false,&quot;type&quot;:&quot;IMPLICIT&quot;,&quot;language&quot;:&quot;en&quot;,&quot;timestampInMillis&quot;:1719986118000}],&quot;id&quot;:&quot;9dchbL797&quot;,&quot;processorId&quot;:&quot;9d96ed9a431c436191763cd8f28bb19f2754e17ad7c9452768870508681a3d2c&quot;,&quot;status&quot;:false},{&quot;history&quot;:[{&quot;action&quot;:&quot;INITIAL_PAGE_LOAD&quot;,&quot;status&quot;:false,&quot;type&quot;:&quot;IMPLICIT&quot;,&quot;language&quot;:&quot;en&quot;,&quot;timestampInMillis&quot;:1719986118000}],&quot;id&quot;:&quot;EMD3qUMa8&quot;,&quot;processorId&quot;:&quot;1fd3e5dcd1d2e1c21f0813df295161a36af5550104ae8d3fca0a5895fd3269d2&quot;,&quot;status&quot;:false},{&quot;history&quot;:[{&quot;action&quot;:&quot;INITIAL_PAGE_LOAD&quot;,&quot;status&quot;:false,&quot;type&quot;:&quot;IMPLICIT&quot;,&quot;language&quot;:&quot;en&quot;,&quot;timestampInMillis&quot;:1719986118000}],&quot;id&quot;:&quot;E6AgqirYV&quot;,&quot;processorId&quot;:&quot;7db09351a5487eca12007bf59acecbb694e1b310d7afc07f57f0b0937437de14&quot;,&quot;status&quot;:false},{&quot;history&quot;:[{&quot;action&quot;:&quot;INITIAL_PAGE_LOAD&quot;,&quot;status&quot;:true,&quot;type&quot;:&quot;IMPLICIT&quot;,&quot;language&quot;:&quot;en&quot;,&quot;timestampInMillis&quot;:1719986118000}],&quot;id&quot;:&quot;Hko_qNsui-Q&quot;,&quot;processorId&quot;:&quot;2cc7aee8c2395184b00b5ccfbe0e4d5d23eefcd2fb71d94e5ffa1506f4b0ad78&quot;,&quot;status&quot;:true},{&quot;history&quot;:[{&quot;action&quot;:&quot;INITIAL_PAGE_LOAD&quot;,&quot;status&quot;:true,&quot;type&quot;:&quot;IMPLICIT&quot;,&quot;language&quot;:&quot;en&quot;,&quot;timestampInMillis&quot;:1719986118000}],&quot;id&quot;:&quot;rH1vNPCFR&quot;,&quot;processorId&quot;:&quot;5997ec6ddd7197261a8b36de0ae95efe8bd4a1ae020e9448368cb9f615f6ceaf&quot;,&quot;status&quot;:true},{&quot;history&quot;:[{&quot;action&quot;:&quot;INITIAL_PAGE_LOAD&quot;,&quot;status&quot;:true,&quot;type&quot;:&quot;IMPLICIT&quot;,&quot;language&quot;:&quot;en&quot;,&quot;timestampInMillis&quot;:1719986118000}],&quot;id&quot;:&quot;HJhd5Vodj-m&quot;,&quot;processorId&quot;:&quot;9c89b5d4a48041c0d6408722c9060614ddc157c9bdd81d33c0b1c8014924f447&quot;,&quot;status&quot;:true},{&quot;history&quot;:[{&quot;action&quot;:&quot;INITIAL_PAGE_LOAD&quot;,&quot;status&quot;:false,&quot;type&quot;:&quot;IMPLICIT&quot;,&quot;language&quot;:&quot;en&quot;,&quot;timestampInMillis&quot;:1719986118000}],&quot;id&quot;:&quot;xLgL2b0bmU-RT_&quot;,&quot;processorId&quot;:&quot;177405b954d0c5da9abff7bf237db4b1eb269a10f0bcb787a798be17a6f02030&quot;,&quot;status&quot;:false},{&quot;history&quot;:[{&quot;action&quot;:&quot;INITIAL_PAGE_LOAD&quot;,&quot;status&quot;:false,&quot;type&quot;:&quot;IMPLICIT&quot;,&quot;language&quot;:&quot;en&quot;,&quot;timestampInMillis&quot;:1719986118000}],&quot;id&quot;:&quot;hpb62D82I&quot;,&quot;processorId&quot;:&quot;b9d7e73c7770b2d2242ac0c6d418fe44dd09efc0ef52acb30e340fde3e28da88&quot;,&quot;status&quot;:false},{&quot;history&quot;:[{&quot;action&quot;:&quot;INITIAL_PAGE_LOAD&quot;,&quot;status&quot;:true,&quot;type&quot;:&quot;IMPLICIT&quot;,&quot;language&quot;:&quot;en&quot;,&quot;timestampInMillis&quot;:1719986118000}],&quot;id&quot;:&quot;H1Vl5NidjWX&quot;,&quot;processorId&quot;:&quot;506d5ee059f33a2790f8aafa46ae466691165bdb27ee89aad182d2282ef29565&quot;,&quot;status&quot;:true}],&quot;version&quot;:&quot;22.5.75&quot;}</string>
    <string name="session_timestamp">1719986118206</string>
</map>
